action_agent_0_UCB_0,reward_agent_0_UCB_0,cum_reward_agent_0_UCB_0,action_agent_1_UCB_0,reward_agent_1_UCB_0,cum_reward_agent_1_UCB_0,action_agent_0_UCB_1,reward_agent_0_UCB_1,cum_reward_agent_0_UCB_1,action_agent_1_UCB_1,reward_agent_1_UCB_1,cum_reward_agent_1_UCB_1,action_agent_0_UCB_2,reward_agent_0_UCB_2,cum_reward_agent_0_UCB_2,action_agent_1_UCB_2,reward_agent_1_UCB_2,cum_reward_agent_1_UCB_2,action_agent_0_UCB_3,reward_agent_0_UCB_3,cum_reward_agent_0_UCB_3,action_agent_1_UCB_3,reward_agent_1_UCB_3,cum_reward_agent_1_UCB_3,action_agent_0_UCB_4,reward_agent_0_UCB_4,cum_reward_agent_0_UCB_4,action_agent_1_UCB_4,reward_agent_1_UCB_4,cum_reward_agent_1_UCB_4
0,0.9847130289617839,0.9847130289617839,0,1.1748540176279256,1.1748540176279256,0,0.6973612921514126,0.6973612921514126,0,0.43559620901033647,0.43559620901033647,0,1.7487951409157336,1.7487951409157336,0,-0.5033633681752967,-0.5033633681752967,0,0.6450756177593165,0.6450756177593165,0,1.085635012111582,1.085635012111582,0,0.3828467601862414,0.3828467601862414,0,1.4659020739451591,1.4659020739451591
0,-0.013066682402579351,-0.013066682402579351,1,1.7266649964557694,1.7266649964557694,0,2.4243683560862404,2.4243683560862404,1,-0.8359286419123237,-0.8359286419123237,0,-0.4409224105287113,-0.4409224105287113,1,2.7824899101683904,2.7824899101683904,0,0.09052315077507568,0.09052315077507568,1,0.41882470222468304,0.41882470222468304,0,-0.8489568346913743,-0.8489568346913743,1,-0.08966459555050799,-0.08966459555050799
1,0.34254814815739143,0.3556148305599708,0,-0.6206740465975567,-2.347339043053326,1,4.491516825059945,2.0671484689737043,0,-0.40648672794665236,0.4294419139656714,1,0.5192938742661171,0.9602162847948283,0,1.1811850116463023,-1.6013048985220881,1,-0.43864698936730684,-0.5291701401423825,0,0.7657045216675309,0.3468798194428478,1,1.4362407141056923,2.2851975487970666,0,0.004942718780899649,0.09460731433140764
